ad_id,timestamp,clicks,views,cost
10000,2023-08-23T10:00:00Z,18,19,27.41
10001,2023-08-23T10:01:00Z,67,74,51.78
10002,2023-08-23T10:02:00Z,15,81,22.43
10003,2023-08-23T10:03:00Z,0,49,0.0
10004,2023-08-23T10:04:00Z,41,71,160.07
10005,2023-08-23T10:05:00Z,42,46,159.44
10006,2023-08-23T10:06:00Z,22,75,92.47
10007,2023-08-23T10:07:00Z,38,61,99.7
10008,2023-08-23T10:08:00Z,30,54,42.09
10009,2023-08-23T10:09:00Z,9,20,5.36
10010,2023-08-23T10:10:00Z,36,78,111.02
10011,2023-08-23T10:11:00Z,10,48,38.52
10012,2023-08-23T10:12:00Z,32,97,56.08
10013,2023-08-23T10:13:00Z,38,59,138.04
10014,2023-08-23T10:14:00Z,23,25,48.64
10015,2023-08-23T10:15:00Z,29,43,32.87
10016,2023-08-23T10:16:00Z,6,13,20.42
10017,2023-08-23T10:17:00Z,10,13,12.06
10018,2023-08-23T10:18:00Z,6,73,20.2
10019,2023-08-23T10:19:00Z,20,56,21.16
10020,2023-08-23T10:20:00Z,14,19,22.39
10021,2023-08-23T10:21:00Z,33,75,88.19
10022,2023-08-23T10:22:00Z,6,12,19.72
10023,2023-08-23T10:23:00Z,48,65,144.98
10024,2023-08-23T10:24:00Z,3,10,11.17
10025,2023-08-23T10:25:00Z,31,63,142.14
10026,2023-08-23T10:26:00Z,0,30,0.0
10027,2023-08-23T10:27:00Z,5,47,20.05
10028,2023-08-23T10:28:00Z,11,17,31.68
10029,2023-08-23T10:29:00Z,18,88,23.0
10030,2023-08-23T10:30:00Z,1,33,2.23
10031,2023-08-23T10:31:00Z,0,18,0.0
10032,2023-08-23T10:32:00Z,61,72,65.5
10033,2023-08-23T10:33:00Z,15,55,27.99
10034,2023-08-23T10:34:00Z,41,74,44.72
10035,2023-08-23T10:35:00Z,15,69,13.49
10036,2023-08-23T10:36:00Z,16,20,69.28
10037,2023-08-23T10:37:00Z,1,87,4.33
10038,2023-08-23T10:38:00Z,35,45,165.75
10039,2023-08-23T10:39:00Z,52,80,207.66
10040,2023-08-23T10:40:00Z,9,59,8.45
10041,2023-08-23T10:41:00Z,52,82,254.49
10042,2023-08-23T10:42:00Z,24,75,100.42
10043,2023-08-23T10:43:00Z,77,84,108.19
10044,2023-08-23T10:44:00Z,16,48,11.51
10045,2023-08-23T10:45:00Z,2,66,3.31
10046,2023-08-23T10:46:00Z,5,10,9.4
10047,2023-08-23T10:47:00Z,51,66,241.9
10048,2023-08-23T10:48:00Z,3,20,2.43
10049,2023-08-23T10:49:00Z,31,48,47.78
10050,2023-08-23T10:50:00Z,60,95,180.63
10051,2023-08-23T10:51:00Z,29,32,94.42
10052,2023-08-23T10:52:00Z,50,57,125.36
10053,2023-08-23T10:53:00Z,38,71,24.89
10054,2023-08-23T10:54:00Z,1,15,1.47
10055,2023-08-23T10:55:00Z,20,67,39.86
10056,2023-08-23T10:56:00Z,8,18,18.12
10057,2023-08-23T10:57:00Z,15,89,45.24
10058,2023-08-23T10:58:00Z,50,54,168.73
10059,2023-08-23T10:59:00Z,5,18,5.04
10060,2023-08-23T11:00:00Z,6,6,4.09
10061,2023-08-23T11:01:00Z,6,27,17.92
10062,2023-08-23T11:02:00Z,2,5,5.65
10063,2023-08-23T11:03:00Z,31,44,111.5
10064,2023-08-23T11:04:00Z,12,13,8.79
10065,2023-08-23T11:05:00Z,35,55,107.0
10066,2023-08-23T11:06:00Z,3,24,10.59
10067,2023-08-23T11:07:00Z,11,11,51.73
10068,2023-08-23T11:08:00Z,6,49,28.41
10069,2023-08-23T11:09:00Z,0,17,0.0
10070,2023-08-23T11:10:00Z,44,48,26.96
10071,2023-08-23T11:11:00Z,2,19,2.42
10072,2023-08-23T11:12:00Z,2,50,8.72
10073,2023-08-23T11:13:00Z,6,50,16.1
10074,2023-08-23T11:14:00Z,1,11,3.21
10075,2023-08-23T11:15:00Z,44,83,139.26
10076,2023-08-23T11:16:00Z,63,64,158.69
10077,2023-08-23T11:17:00Z,10,80,45.33
10078,2023-08-23T11:18:00Z,35,93,170.55
10079,2023-08-23T11:19:00Z,36,39,85.09
10080,2023-08-23T11:20:00Z,68,85,157.01
10081,2023-08-23T11:21:00Z,29,29,122.45
10082,2023-08-23T11:22:00Z,12,16,38.95
10083,2023-08-23T11:23:00Z,37,44,172.5
10084,2023-08-23T11:24:00Z,46,96,197.23
10085,2023-08-23T11:25:00Z,81,92,132.58
10086,2023-08-23T11:26:00Z,41,76,84.98
10087,2023-08-23T11:27:00Z,6,62,6.96
10088,2023-08-23T11:28:00Z,36,64,164.11
10089,2023-08-23T11:29:00Z,48,60,194.56
10090,2023-08-23T11:30:00Z,53,84,73.7
10091,2023-08-23T11:31:00Z,36,64,133.3
10092,2023-08-23T11:32:00Z,25,39,119.07
10093,2023-08-23T11:33:00Z,40,50,53.44
10094,2023-08-23T11:34:00Z,69,93,327.23
10095,2023-08-23T11:35:00Z,20,78,82.96
10096,2023-08-23T11:36:00Z,2,94,8.2
10097,2023-08-23T11:37:00Z,78,81,104.48
10098,2023-08-23T11:38:00Z,16,63,78.74
10099,2023-08-23T11:39:00Z,59,65,173.52
10100,2023-08-23T11:40:00Z,43,59,107.24
10101,2023-08-23T11:41:00Z,1,94,0.8
10102,2023-08-23T11:42:00Z,11,23,15.69
10103,2023-08-23T11:43:00Z,33,50,24.43
10104,2023-08-23T11:44:00Z,11,87,41.46
10105,2023-08-23T11:45:00Z,46,57,80.57
10106,2023-08-23T11:46:00Z,2,30,4.03
10107,2023-08-23T11:47:00Z,7,32,9.62
10108,2023-08-23T11:48:00Z,45,65,81.38
10109,2023-08-23T11:49:00Z,14,82,21.55
10110,2023-08-23T11:50:00Z,6,20,19.17
10111,2023-08-23T11:51:00Z,67,99,333.02
10112,2023-08-23T11:52:00Z,9,10,21.31
10113,2023-08-23T11:53:00Z,75,96,346.71
10114,2023-08-23T11:54:00Z,52,79,108.56
10115,2023-08-23T11:55:00Z,26,31,20.96
10116,2023-08-23T11:56:00Z,5,21,5.75
10117,2023-08-23T11:57:00Z,2,83,3.71
10118,2023-08-23T11:58:00Z,34,40,126.37
10119,2023-08-23T11:59:00Z,16,26,12.2
10120,2023-08-23T12:00:00Z,12,68,18.58
10121,2023-08-23T12:01:00Z,41,56,50.87
10122,2023-08-23T12:02:00Z,50,78,246.96
10123,2023-08-23T12:03:00Z,38,70,182.72
10124,2023-08-23T12:04:00Z,21,81,88.51
10125,2023-08-23T12:05:00Z,3,24,7.71
10126,2023-08-23T12:06:00Z,23,30,16.31
10127,2023-08-23T12:07:00Z,4,9,16.61
10128,2023-08-23T12:08:00Z,9,30,23.7
10129,2023-08-23T12:09:00Z,2,37,8.7
10130,2023-08-23T12:10:00Z,11,70,23.57
10131,2023-08-23T12:11:00Z,64,74,187.83
10132,2023-08-23T12:12:00Z,23,65,23.47
10133,2023-08-23T12:13:00Z,8,57,31.6
10134,2023-08-23T12:14:00Z,42,68,52.89
10135,2023-08-23T12:15:00Z,47,69,77.74
10136,2023-08-23T12:16:00Z,32,70,20.89
10137,2023-08-23T12:17:00Z,91,98,183.91
10138,2023-08-23T12:18:00Z,22,44,43.25
10139,2023-08-23T12:19:00Z,44,48,85.91
10140,2023-08-23T12:20:00Z,0,92,0.0
10141,2023-08-23T12:21:00Z,4,68,16.6
10142,2023-08-23T12:22:00Z,15,38,39.89
10143,2023-08-23T12:23:00Z,37,98,47.97
10144,2023-08-23T12:24:00Z,67,97,253.07
10145,2023-08-23T12:25:00Z,15,16,15.32
10146,2023-08-23T12:26:00Z,38,67,20.01
10147,2023-08-23T12:27:00Z,6,19,17.0
10148,2023-08-23T12:28:00Z,42,62,200.26
10149,2023-08-23T12:29:00Z,29,34,25.99
10150,2023-08-23T12:30:00Z,7,7,12.24
10151,2023-08-23T12:31:00Z,1,14,1.37
10152,2023-08-23T12:32:00Z,9,73,13.12
10153,2023-08-23T12:33:00Z,84,88,57.18
10154,2023-08-23T12:34:00Z,51,73,146.97
10155,2023-08-23T12:35:00Z,8,54,17.46
10156,2023-08-23T12:36:00Z,45,68,157.11
10157,2023-08-23T12:37:00Z,29,39,121.57
10158,2023-08-23T12:38:00Z,2,42,2.05
10159,2023-08-23T12:39:00Z,8,85,31.2
10160,2023-08-23T12:40:00Z,2,81,9.82
10161,2023-08-23T12:41:00Z,34,88,40.28
10162,2023-08-23T12:42:00Z,28,35,88.12
10163,2023-08-23T12:43:00Z,50,99,241.29
10164,2023-08-23T12:44:00Z,34,44,131.18
10165,2023-08-23T12:45:00Z,47,89,115.74
10166,2023-08-23T12:46:00Z,64,70,200.69
10167,2023-08-23T12:47:00Z,41,75,54.01
10168,2023-08-23T12:48:00Z,25,61,70.51
10169,2023-08-23T12:49:00Z,57,77,105.09
10170,2023-08-23T12:50:00Z,64,100,175.71
10171,2023-08-23T12:51:00Z,9,92,33.96
10172,2023-08-23T12:52:00Z,43,52,68.34
10173,2023-08-23T12:53:00Z,50,68,45.88
10174,2023-08-23T12:54:00Z,0,16,0.0
10175,2023-08-23T12:55:00Z,59,91,67.1
10176,2023-08-23T12:56:00Z,4,50,17.28
10177,2023-08-23T12:57:00Z,47,67,182.32
10178,2023-08-23T12:58:00Z,33,66,42.45
10179,2023-08-23T12:59:00Z,55,65,234.65
10180,2023-08-23T13:00:00Z,6,24,4.97
10181,2023-08-23T13:01:00Z,2,7,6.75
10182,2023-08-23T13:02:00Z,6,32,20.83
10183,2023-08-23T13:03:00Z,16,29,34.78
10184,2023-08-23T13:04:00Z,9,23,39.28
10185,2023-08-23T13:05:00Z,43,69,83.6
10186,2023-08-23T13:06:00Z,0,39,0.0
10187,2023-08-23T13:07:00Z,4,22,18.53
10188,2023-08-23T13:08:00Z,55,66,271.91
10189,2023-08-23T13:09:00Z,46,57,87.19
10190,2023-08-23T13:10:00Z,26,47,93.82
10191,2023-08-23T13:11:00Z,55,92,27.96
10192,2023-08-23T13:12:00Z,3,58,13.55
10193,2023-08-23T13:13:00Z,12,19,30.03
10194,2023-08-23T13:14:00Z,2,43,2.8
10195,2023-08-23T13:15:00Z,41,50,29.14
10196,2023-08-23T13:16:00Z,80,83,316.81
10197,2023-08-23T13:17:00Z,1,13,1.38
10198,2023-08-23T13:18:00Z,53,96,58.94
10199,2023-08-23T13:19:00Z,74,83,77.89
10200,2023-08-23T13:20:00Z,8,15,16.48
10201,2023-08-23T13:21:00Z,4,61,9.4
10202,2023-08-23T13:22:00Z,7,9,18.94
10203,2023-08-23T13:23:00Z,61,93,195.97
10204,2023-08-23T13:24:00Z,58,67,151.43
10205,2023-08-23T13:25:00Z,24,44,91.67
10206,2023-08-23T13:26:00Z,30,97,28.01
10207,2023-08-23T13:27:00Z,79,99,279.77
10208,2023-08-23T13:28:00Z,4,55,17.43
10209,2023-08-23T13:29:00Z,4,35,19.29
10210,2023-08-23T13:30:00Z,47,80,63.36
10211,2023-08-23T13:31:00Z,28,38,65.95
10212,2023-08-23T13:32:00Z,69,72,222.96
10213,2023-08-23T13:33:00Z,10,14,28.97
10214,2023-08-23T13:34:00Z,4,19,5.37
10215,2023-08-23T13:35:00Z,62,89,69.03
10216,2023-08-23T13:36:00Z,18,35,14.78
10217,2023-08-23T13:37:00Z,0,19,0.0
10218,2023-08-23T13:38:00Z,2,86,3.22
10219,2023-08-23T13:39:00Z,8,72,27.71
10220,2023-08-23T13:40:00Z,92,93,369.65
10221,2023-08-23T13:41:00Z,16,38,59.81
10222,2023-08-23T13:42:00Z,10,14,12.52
10223,2023-08-23T13:43:00Z,17,18,44.13
10224,2023-08-23T13:44:00Z,4,10,4.32
10225,2023-08-23T13:45:00Z,33,41,72.3
10226,2023-08-23T13:46:00Z,6,49,23.93
10227,2023-08-23T13:47:00Z,43,69,170.43
10228,2023-08-23T13:48:00Z,50,55,82.7
10229,2023-08-23T13:49:00Z,8,89,10.79
10230,2023-08-23T13:50:00Z,16,78,27.5
10231,2023-08-23T13:51:00Z,14,52,62.41
10232,2023-08-23T13:52:00Z,17,86,25.21
10233,2023-08-23T13:53:00Z,4,36,14.67
10234,2023-08-23T13:54:00Z,84,90,234.85
10235,2023-08-23T13:55:00Z,61,97,100.32
10236,2023-08-23T13:56:00Z,18,24,11.96
10237,2023-08-23T13:57:00Z,23,73,68.82
10238,2023-08-23T13:58:00Z,44,91,159.88
10239,2023-08-23T13:59:00Z,13,21,56.7
10240,2023-08-23T14:00:00Z,13,100,36.29
10241,2023-08-23T14:01:00Z,2,5,8.46
10242,2023-08-23T14:02:00Z,4,17,9.54
10243,2023-08-23T14:03:00Z,78,81,363.28
10244,2023-08-23T14:04:00Z,50,52,37.8
10245,2023-08-23T14:05:00Z,4,11,19.27
10246,2023-08-23T14:06:00Z,12,17,28.1
10247,2023-08-23T14:07:00Z,16,25,65.92
10248,2023-08-23T14:08:00Z,47,80,78.48
10249,2023-08-23T14:09:00Z,1,22,3.16
10250,2023-08-23T14:10:00Z,72,100,316.78
10251,2023-08-23T14:11:00Z,27,42,42.89
10252,2023-08-23T14:12:00Z,28,80,112.28
10253,2023-08-23T14:13:00Z,44,53,149.12
10254,2023-08-23T14:14:00Z,52,91,74.8
10255,2023-08-23T14:15:00Z,58,71,254.85
10256,2023-08-23T14:16:00Z,21,25,46.18
10257,2023-08-23T14:17:00Z,48,65,173.61
10258,2023-08-23T14:18:00Z,11,43,53.63
10259,2023-08-23T14:19:00Z,6,6,5.24
10260,2023-08-23T14:20:00Z,15,65,43.14
10261,2023-08-23T14:21:00Z,24,78,95.9
10262,2023-08-23T14:22:00Z,2,6,1.69
10263,2023-08-23T14:23:00Z,72,75,85.44
10264,2023-08-23T14:24:00Z,47,96,68.42
10265,2023-08-23T14:25:00Z,43,55,95.06
10266,2023-08-23T14:26:00Z,37,43,111.75
10267,2023-08-23T14:27:00Z,16,36,23.39
10268,2023-08-23T14:28:00Z,12,13,12.1
10269,2023-08-23T14:29:00Z,13,35,31.55
10270,2023-08-23T14:30:00Z,31,70,148.91
10271,2023-08-23T14:31:00Z,23,62,77.56
10272,2023-08-23T14:32:00Z,31,98,86.07
10273,2023-08-23T14:33:00Z,11,11,21.44
10274,2023-08-23T14:34:00Z,57,77,69.08
10275,2023-08-23T14:35:00Z,58,58,98.87
10276,2023-08-23T14:36:00Z,17,24,65.2
10277,2023-08-23T14:37:00Z,2,11,9.72
10278,2023-08-23T14:38:00Z,15,55,74.5
10279,2023-08-23T14:39:00Z,47,91,186.28
10280,2023-08-23T14:40:00Z,25,28,16.19
10281,2023-08-23T14:41:00Z,24,69,55.78
10282,2023-08-23T14:42:00Z,2,65,4.17
10283,2023-08-23T14:43:00Z,8,53,30.67
10284,2023-08-23T14:44:00Z,53,73,67.08
10285,2023-08-23T14:45:00Z,11,81,20.78
10286,2023-08-23T14:46:00Z,6,23,6.33
10287,2023-08-23T14:47:00Z,87,94,392.32
10288,2023-08-23T14:48:00Z,21,63,51.03
10289,2023-08-23T14:49:00Z,34,97,160.5
10290,2023-08-23T14:50:00Z,6,40,16.78
10291,2023-08-23T14:51:00Z,96,98,334.33
10292,2023-08-23T14:52:00Z,28,81,116.07
10293,2023-08-23T14:53:00Z,1,5,4.07
10294,2023-08-23T14:54:00Z,19,56,87.34
10295,2023-08-23T14:55:00Z,32,55,144.54
10296,2023-08-23T14:56:00Z,77,100,301.79
10297,2023-08-23T14:57:00Z,2,49,5.3
10298,2023-08-23T14:58:00Z,36,40,98.99
10299,2023-08-23T14:59:00Z,78,97,240.73
10300,2023-08-23T15:00:00Z,19,49,26.91
10301,2023-08-23T15:01:00Z,50,76,217.27
10302,2023-08-23T15:02:00Z,49,49,202.21
10303,2023-08-23T15:03:00Z,25,87,80.33
10304,2023-08-23T15:04:00Z,37,90,29.11
10305,2023-08-23T15:05:00Z,10,18,44.4
10306,2023-08-23T15:06:00Z,46,71,63.57
10307,2023-08-23T15:07:00Z,49,60,129.23
10308,2023-08-23T15:08:00Z,24,36,109.21
10309,2023-08-23T15:09:00Z,26,52,88.0
10310,2023-08-23T15:10:00Z,77,93,285.32
10311,2023-08-23T15:11:00Z,20,22,66.72
10312,2023-08-23T15:12:00Z,41,48,153.05
10313,2023-08-23T15:13:00Z,14,15,61.12
10314,2023-08-23T15:14:00Z,10,10,39.99
10315,2023-08-23T15:15:00Z,3,22,3.13
10316,2023-08-23T15:16:00Z,8,47,7.66
10317,2023-08-23T15:17:00Z,8,20,26.81
10318,2023-08-23T15:18:00Z,45,75,104.36
10319,2023-08-23T15:19:00Z,26,33,66.6
10320,2023-08-23T15:20:00Z,21,32,83.09
10321,2023-08-23T15:21:00Z,15,36,26.18
10322,2023-08-23T15:22:00Z,37,43,41.43
10323,2023-08-23T15:23:00Z,9,27,32.82
10324,2023-08-23T15:24:00Z,10,17,16.88
10325,2023-08-23T15:25:00Z,33,46,64.45
10326,2023-08-23T15:26:00Z,14,22,20.59
10327,2023-08-23T15:27:00Z,47,90,193.31
10328,2023-08-23T15:28:00Z,24,76,92.31
10329,2023-08-23T15:29:00Z,77,94,310.34
10330,2023-08-23T15:30:00Z,73,78,216.51
10331,2023-08-23T15:31:00Z,56,73,135.21
10332,2023-08-23T15:32:00Z,20,22,75.45
10333,2023-08-23T15:33:00Z,38,63,132.46
10334,2023-08-23T15:34:00Z,7,65,32.9
10335,2023-08-23T15:35:00Z,1,6,4.41
10336,2023-08-23T15:36:00Z,1,23,4.42
10337,2023-08-23T15:37:00Z,40,89,136.12
10338,2023-08-23T15:38:00Z,48,90,121.4
10339,2023-08-23T15:39:00Z,20,50,53.67
10340,2023-08-23T15:40:00Z,21,36,104.73
10341,2023-08-23T15:41:00Z,5,25,11.45
10342,2023-08-23T15:42:00Z,38,97,97.4
10343,2023-08-23T15:43:00Z,1,10,3.17
10344,2023-08-23T15:44:00Z,0,40,0.0
10345,2023-08-23T15:45:00Z,55,56,56.7
10346,2023-08-23T15:46:00Z,3,14,4.33
10347,2023-08-23T15:47:00Z,7,14,13.12
10348,2023-08-23T15:48:00Z,13,31,59.62
10349,2023-08-23T15:49:00Z,10,10,48.65
10350,2023-08-23T15:50:00Z,76,82,110.44
10351,2023-08-23T15:51:00Z,19,41,59.78
10352,2023-08-23T15:52:00Z,69,82,130.22
10353,2023-08-23T15:53:00Z,28,47,55.63
10354,2023-08-23T15:54:00Z,35,69,99.09
10355,2023-08-23T15:55:00Z,16,17,65.86
10356,2023-08-23T15:56:00Z,26,66,86.87
10357,2023-08-23T15:57:00Z,76,85,341.15
10358,2023-08-23T15:58:00Z,3,67,8.88
10359,2023-08-23T15:59:00Z,18,52,86.73
10360,2023-08-23T16:00:00Z,14,89,32.98
10361,2023-08-23T16:01:00Z,8,92,12.4
10362,2023-08-23T16:02:00Z,9,97,36.96
10363,2023-08-23T16:03:00Z,1,77,2.82
10364,2023-08-23T16:04:00Z,23,31,54.09
10365,2023-08-23T16:05:00Z,35,52,21.25
10366,2023-08-23T16:06:00Z,39,40,193.81
10367,2023-08-23T16:07:00Z,1,23,3.54
10368,2023-08-23T16:08:00Z,40,59,68.89
10369,2023-08-23T16:09:00Z,3,10,5.64
10370,2023-08-23T16:10:00Z,13,27,32.29
10371,2023-08-23T16:11:00Z,82,96,267.37
10372,2023-08-23T16:12:00Z,14,30,15.26
10373,2023-08-23T16:13:00Z,80,80,243.51
10374,2023-08-23T16:14:00Z,26,59,52.86
10375,2023-08-23T16:15:00Z,5,50,7.16
10376,2023-08-23T16:16:00Z,20,28,42.02
10377,2023-08-23T16:17:00Z,5,32,13.63
10378,2023-08-23T16:18:00Z,47,97,162.01
10379,2023-08-23T16:19:00Z,57,88,194.78
10380,2023-08-23T16:20:00Z,2,38,3.99
10381,2023-08-23T16:21:00Z,17,37,30.35
10382,2023-08-23T16:22:00Z,22,99,71.87
10383,2023-08-23T16:23:00Z,81,92,308.58
10384,2023-08-23T16:24:00Z,24,26,22.79
10385,2023-08-23T16:25:00Z,5,13,7.93
10386,2023-08-23T16:26:00Z,79,97,244.75
10387,2023-08-23T16:27:00Z,12,19,18.81
10388,2023-08-23T16:28:00Z,11,15,41.75
10389,2023-08-23T16:29:00Z,8,19,24.54
10390,2023-08-23T16:30:00Z,11,44,35.99
10391,2023-08-23T16:31:00Z,14,22,45.81
10392,2023-08-23T16:32:00Z,5,60,20.49
10393,2023-08-23T16:33:00Z,2,42,7.5
10394,2023-08-23T16:34:00Z,9,31,16.95
10395,2023-08-23T16:35:00Z,1,74,3.16
10396,2023-08-23T16:36:00Z,38,45,143.92
10397,2023-08-23T16:37:00Z,78,96,279.16
10398,2023-08-23T16:38:00Z,20,53,78.77
10399,2023-08-23T16:39:00Z,8,14,33.27
10400,2023-08-23T16:40:00Z,39,90,98.17
10401,2023-08-23T16:41:00Z,40,75,102.38
10402,2023-08-23T16:42:00Z,26,43,26.76
10403,2023-08-23T16:43:00Z,65,66,268.31
10404,2023-08-23T16:44:00Z,15,27,58.35
10405,2023-08-23T16:45:00Z,27,62,78.16
10406,2023-08-23T16:46:00Z,20,39,73.91
10407,2023-08-23T16:47:00Z,9,57,11.92
10408,2023-08-23T16:48:00Z,3,5,5.51
10409,2023-08-23T16:49:00Z,11,40,30.19
10410,2023-08-23T16:50:00Z,3,20,12.1
10411,2023-08-23T16:51:00Z,0,98,0.0
10412,2023-08-23T16:52:00Z,8,13,7.35
10413,2023-08-23T16:53:00Z,87,100,123.13
10414,2023-08-23T16:54:00Z,49,97,48.56
10415,2023-08-23T16:55:00Z,22,65,19.27
10416,2023-08-23T16:56:00Z,9,29,26.99
10417,2023-08-23T16:57:00Z,41,53,134.51
10418,2023-08-23T16:58:00Z,19,85,53.07
10419,2023-08-23T16:59:00Z,5,14,22.55
10420,2023-08-23T17:00:00Z,94,94,236.9
10421,2023-08-23T17:01:00Z,5,11,23.95
10422,2023-08-23T17:02:00Z,23,30,52.03
10423,2023-08-23T17:03:00Z,18,75,55.28
10424,2023-08-23T17:04:00Z,40,47,73.12
10425,2023-08-23T17:05:00Z,8,42,8.39
10426,2023-08-23T17:06:00Z,81,86,220.2
10427,2023-08-23T17:07:00Z,36,77,171.85
10428,2023-08-23T17:08:00Z,60,95,253.64
10429,2023-08-23T17:09:00Z,26,40,90.08
10430,2023-08-23T17:10:00Z,49,51,206.66
10431,2023-08-23T17:11:00Z,27,74,129.6
10432,2023-08-23T17:12:00Z,2,10,3.79
10433,2023-08-23T17:13:00Z,11,47,19.75
10434,2023-08-23T17:14:00Z,23,64,63.18
10435,2023-08-23T17:15:00Z,0,9,0.0
10436,2023-08-23T17:16:00Z,15,90,72.76
10437,2023-08-23T17:17:00Z,64,91,105.33
10438,2023-08-23T17:18:00Z,9,60,10.02
10439,2023-08-23T17:19:00Z,42,60,26.07
10440,2023-08-23T17:20:00Z,10,25,44.39
10441,2023-08-23T17:21:00Z,10,34,46.59
10442,2023-08-23T17:22:00Z,21,24,30.24
10443,2023-08-23T17:23:00Z,32,88,71.79
10444,2023-08-23T17:24:00Z,68,72,263.17
10445,2023-08-23T17:25:00Z,52,74,138.04
10446,2023-08-23T17:26:00Z,37,82,84.09
10447,2023-08-23T17:27:00Z,6,58,3.82
10448,2023-08-23T17:28:00Z,7,17,14.6
10449,2023-08-23T17:29:00Z,53,75,146.67
10450,2023-08-23T17:30:00Z,9,24,35.45
10451,2023-08-23T17:31:00Z,4,6,16.86
10452,2023-08-23T17:32:00Z,46,80,223.13
10453,2023-08-23T17:33:00Z,61,70,88.88
10454,2023-08-23T17:34:00Z,71,75,309.59
10455,2023-08-23T17:35:00Z,38,53,166.65
10456,2023-08-23T17:36:00Z,32,42,41.15
10457,2023-08-23T17:37:00Z,33,64,65.39
10458,2023-08-23T17:38:00Z,10,18,38.8
10459,2023-08-23T17:39:00Z,0,12,0.0
10460,2023-08-23T17:40:00Z,0,6,0.0
10461,2023-08-23T17:41:00Z,21,86,93.6
10462,2023-08-23T17:42:00Z,7,18,24.75
10463,2023-08-23T17:43:00Z,9,17,11.8
10464,2023-08-23T17:44:00Z,10,16,8.94
10465,2023-08-23T17:45:00Z,7,48,4.56
10466,2023-08-23T17:46:00Z,2,11,8.59
10467,2023-08-23T17:47:00Z,3,7,3.46
10468,2023-08-23T17:48:00Z,19,34,19.22
10469,2023-08-23T17:49:00Z,37,54,54.4
10470,2023-08-23T17:50:00Z,4,31,16.82
10471,2023-08-23T17:51:00Z,21,91,35.02
10472,2023-08-23T17:52:00Z,42,88,172.74
10473,2023-08-23T17:53:00Z,21,86,43.71
10474,2023-08-23T17:54:00Z,2,65,5.74
10475,2023-08-23T17:55:00Z,4,58,16.72
10476,2023-08-23T17:56:00Z,11,17,44.92
10477,2023-08-23T17:57:00Z,23,26,103.06
10478,2023-08-23T17:58:00Z,62,65,246.52
10479,2023-08-23T17:59:00Z,22,23,89.0
10480,2023-08-23T18:00:00Z,15,95,65.78
10481,2023-08-23T18:01:00Z,5,49,21.78
10482,2023-08-23T18:02:00Z,16,44,21.15
10483,2023-08-23T18:03:00Z,14,30,17.76
10484,2023-08-23T18:04:00Z,45,65,52.86
10485,2023-08-23T18:05:00Z,9,29,41.12
10486,2023-08-23T18:06:00Z,5,56,14.84
10487,2023-08-23T18:07:00Z,62,73,257.13
10488,2023-08-23T18:08:00Z,80,89,394.37
10489,2023-08-23T18:09:00Z,36,44,146.19
10490,2023-08-23T18:10:00Z,7,25,12.2
10491,2023-08-23T18:11:00Z,15,87,31.1
10492,2023-08-23T18:12:00Z,8,43,8.68
10493,2023-08-23T18:13:00Z,16,17,40.07
10494,2023-08-23T18:14:00Z,9,18,24.87
10495,2023-08-23T18:15:00Z,27,67,35.61
10496,2023-08-23T18:16:00Z,18,21,22.91
10497,2023-08-23T18:17:00Z,54,55,187.61
10498,2023-08-23T18:18:00Z,4,12,10.33
10499,2023-08-23T18:19:00Z,74,81,129.01
10500,2023-08-23T18:20:00Z,32,49,42.21
10501,2023-08-23T18:21:00Z,24,40,46.49
10502,2023-08-23T18:22:00Z,5,39,5.28
10503,2023-08-23T18:23:00Z,2,23,8.31
10504,2023-08-23T18:24:00Z,8,16,32.97
10505,2023-08-23T18:25:00Z,4,83,3.72
10506,2023-08-23T18:26:00Z,8,19,22.63
10507,2023-08-23T18:27:00Z,73,87,338.14
10508,2023-08-23T18:28:00Z,17,54,65.36
10509,2023-08-23T18:29:00Z,8,9,24.84
10510,2023-08-23T18:30:00Z,5,73,14.85
10511,2023-08-23T18:31:00Z,28,51,93.71
10512,2023-08-23T18:32:00Z,32,92,95.92
10513,2023-08-23T18:33:00Z,2,14,2.16
10514,2023-08-23T18:34:00Z,44,90,32.07
10515,2023-08-23T18:35:00Z,29,57,140.46
10516,2023-08-23T18:36:00Z,11,46,20.93
10517,2023-08-23T18:37:00Z,62,68,108.25
10518,2023-08-23T18:38:00Z,65,72,38.67
10519,2023-08-23T18:39:00Z,26,58,82.93
10520,2023-08-23T18:40:00Z,33,59,36.8
10521,2023-08-23T18:41:00Z,21,25,32.74
10522,2023-08-23T18:42:00Z,87,91,43.77
10523,2023-08-23T18:43:00Z,63,66,154.64
10524,2023-08-23T18:44:00Z,21,47,71.9
10525,2023-08-23T18:45:00Z,30,44,20.21
10526,2023-08-23T18:46:00Z,2,93,9.04
10527,2023-08-23T18:47:00Z,4,14,18.42
10528,2023-08-23T18:48:00Z,24,84,117.37
10529,2023-08-23T18:49:00Z,41,78,96.31
10530,2023-08-23T18:50:00Z,28,47,102.18
10531,2023-08-23T18:51:00Z,58,94,228.48
10532,2023-08-23T18:52:00Z,19,40,16.2
10533,2023-08-23T18:53:00Z,34,39,141.15
10534,2023-08-23T18:54:00Z,17,41,12.68
10535,2023-08-23T18:55:00Z,51,91,203.76
10536,2023-08-23T18:56:00Z,28,31,48.82
10537,2023-08-23T18:57:00Z,20,37,23.17
10538,2023-08-23T18:58:00Z,4,73,16.33
10539,2023-08-23T18:59:00Z,56,68,134.6
10540,2023-08-23T19:00:00Z,45,78,144.63
10541,2023-08-23T19:01:00Z,22,88,77.73
10542,2023-08-23T19:02:00Z,100,100,242.34
10543,2023-08-23T19:03:00Z,11,18,52.79
10544,2023-08-23T19:04:00Z,2,99,1.19
10545,2023-08-23T19:05:00Z,44,78,47.8
10546,2023-08-23T19:06:00Z,77,91,134.06
10547,2023-08-23T19:07:00Z,48,89,181.74
10548,2023-08-23T19:08:00Z,19,36,28.92
10549,2023-08-23T19:09:00Z,1,9,2.47
10550,2023-08-23T19:10:00Z,14,17,58.08
10551,2023-08-23T19:11:00Z,7,7,20.9
10552,2023-08-23T19:12:00Z,63,63,79.18
10553,2023-08-23T19:13:00Z,24,55,113.43
10554,2023-08-23T19:14:00Z,11,22,22.55
10555,2023-08-23T19:15:00Z,21,34,25.59
10556,2023-08-23T19:16:00Z,28,28,133.39
10557,2023-08-23T19:17:00Z,20,45,25.31
10558,2023-08-23T19:18:00Z,59,75,178.39
10559,2023-08-23T19:19:00Z,26,64,80.44
10560,2023-08-23T19:20:00Z,27,79,68.83
10561,2023-08-23T19:21:00Z,35,47,48.93
10562,2023-08-23T19:22:00Z,59,73,70.85
10563,2023-08-23T19:23:00Z,33,36,163.64
10564,2023-08-23T19:24:00Z,25,75,98.22
10565,2023-08-23T19:25:00Z,11,40,27.61
10566,2023-08-23T19:26:00Z,47,81,101.54
10567,2023-08-23T19:27:00Z,17,40,37.59
10568,2023-08-23T19:28:00Z,44,77,156.35
10569,2023-08-23T19:29:00Z,14,83,53.1
10570,2023-08-23T19:30:00Z,86,100,110.74
10571,2023-08-23T19:31:00Z,52,56,84.44
10572,2023-08-23T19:32:00Z,13,26,27.01
10573,2023-08-23T19:33:00Z,9,60,27.66
10574,2023-08-23T19:34:00Z,21,36,11.5
10575,2023-08-23T19:35:00Z,70,72,156.98
10576,2023-08-23T19:36:00Z,4,8,15.73
10577,2023-08-23T19:37:00Z,19,32,84.26
10578,2023-08-23T19:38:00Z,5,6,14.28
10579,2023-08-23T19:39:00Z,6,63,15.01
10580,2023-08-23T19:40:00Z,1,26,3.36
10581,2023-08-23T19:41:00Z,27,44,24.1
10582,2023-08-23T19:42:00Z,63,82,165.42
10583,2023-08-23T19:43:00Z,31,76,92.04
10584,2023-08-23T19:44:00Z,19,34,57.75
10585,2023-08-23T19:45:00Z,35,52,56.62
10586,2023-08-23T19:46:00Z,14,97,34.7
10587,2023-08-23T19:47:00Z,51,99,169.17
10588,2023-08-23T19:48:00Z,24,54,75.58
10589,2023-08-23T19:49:00Z,93,95,433.59
10590,2023-08-23T19:50:00Z,2,43,9.77
10591,2023-08-23T19:51:00Z,42,55,72.42
10592,2023-08-23T19:52:00Z,14,40,50.57
10593,2023-08-23T19:53:00Z,20,34,90.21
10594,2023-08-23T19:54:00Z,5,34,6.28
10595,2023-08-23T19:55:00Z,25,35,67.65
10596,2023-08-23T19:56:00Z,5,99,23.48
10597,2023-08-23T19:57:00Z,21,84,93.89
10598,2023-08-23T19:58:00Z,16,70,75.12
10599,2023-08-23T19:59:00Z,9,74,22.1
10600,2023-08-23T20:00:00Z,21,25,57.69
10601,2023-08-23T20:01:00Z,52,100,140.24
10602,2023-08-23T20:02:00Z,48,56,220.97
10603,2023-08-23T20:03:00Z,47,64,231.98
10604,2023-08-23T20:04:00Z,74,99,335.95
10605,2023-08-23T20:05:00Z,7,98,13.99
10606,2023-08-23T20:06:00Z,84,85,288.41
10607,2023-08-23T20:07:00Z,40,46,138.32
10608,2023-08-23T20:08:00Z,53,70,178.36
10609,2023-08-23T20:09:00Z,43,98,171.21
10610,2023-08-23T20:10:00Z,28,89,134.45
10611,2023-08-23T20:11:00Z,6,70,4.28
10612,2023-08-23T20:12:00Z,8,20,35.5
10613,2023-08-23T20:13:00Z,31,81,140.18
10614,2023-08-23T20:14:00Z,5,72,5.08
10615,2023-08-23T20:15:00Z,46,47,100.78
10616,2023-08-23T20:16:00Z,18,98,70.14
10617,2023-08-23T20:17:00Z,12,43,20.28
10618,2023-08-23T20:18:00Z,30,87,113.83
10619,2023-08-23T20:19:00Z,19,26,66.98
10620,2023-08-23T20:20:00Z,31,87,22.75
10621,2023-08-23T20:21:00Z,24,36,79.21
10622,2023-08-23T20:22:00Z,16,40,59.73
10623,2023-08-23T20:23:00Z,21,41,12.59
10624,2023-08-23T20:24:00Z,32,39,36.61
10625,2023-08-23T20:25:00Z,19,24,56.55
10626,2023-08-23T20:26:00Z,71,78,206.33
10627,2023-08-23T20:27:00Z,19,53,91.09
10628,2023-08-23T20:28:00Z,35,96,114.1
10629,2023-08-23T20:29:00Z,41,61,21.86
10630,2023-08-23T20:30:00Z,0,98,0.0
10631,2023-08-23T20:31:00Z,21,28,11.8
10632,2023-08-23T20:32:00Z,11,87,48.36
10633,2023-08-23T20:33:00Z,13,30,47.65
10634,2023-08-23T20:34:00Z,44,69,33.75
10635,2023-08-23T20:35:00Z,25,65,56.77
10636,2023-08-23T20:36:00Z,24,61,74.58
10637,2023-08-23T20:37:00Z,3,84,7.52
10638,2023-08-23T20:38:00Z,25,33,96.55
10639,2023-08-23T20:39:00Z,3,82,13.15
10640,2023-08-23T20:40:00Z,5,5,21.46
10641,2023-08-23T20:41:00Z,62,73,295.1
10642,2023-08-23T20:42:00Z,8,14,24.84
10643,2023-08-23T20:43:00Z,58,73,101.33
10644,2023-08-23T20:44:00Z,8,26,11.93
10645,2023-08-23T20:45:00Z,4,47,18.26
10646,2023-08-23T20:46:00Z,5,6,19.55
10647,2023-08-23T20:47:00Z,2,59,7.09
10648,2023-08-23T20:48:00Z,60,83,171.53
10649,2023-08-23T20:49:00Z,32,36,144.66
10650,2023-08-23T20:50:00Z,11,46,43.66
10651,2023-08-23T20:51:00Z,49,98,236.89
10652,2023-08-23T20:52:00Z,61,76,42.57
10653,2023-08-23T20:53:00Z,5,14,18.63
10654,2023-08-23T20:54:00Z,14,30,34.13
10655,2023-08-23T20:55:00Z,14,17,31.58
10656,2023-08-23T20:56:00Z,38,61,64.33
10657,2023-08-23T20:57:00Z,2,26,7.72
10658,2023-08-23T20:58:00Z,2,8,3.36
10659,2023-08-23T20:59:00Z,27,97,40.01
10660,2023-08-23T21:00:00Z,0,11,0.0
10661,2023-08-23T21:01:00Z,7,16,8.95
10662,2023-08-23T21:02:00Z,16,26,45.1
10663,2023-08-23T21:03:00Z,12,60,54.04
10664,2023-08-23T21:04:00Z,5,63,22.44
10665,2023-08-23T21:05:00Z,58,95,97.36
10666,2023-08-23T21:06:00Z,62,77,178.62
10667,2023-08-23T21:07:00Z,14,67,57.18
10668,2023-08-23T21:08:00Z,75,86,330.23
10669,2023-08-23T21:09:00Z,20,47,82.17
10670,2023-08-23T21:10:00Z,16,31,73.77
10671,2023-08-23T21:11:00Z,42,55,137.29
10672,2023-08-23T21:12:00Z,47,81,59.42
10673,2023-08-23T21:13:00Z,13,29,36.5
10674,2023-08-23T21:14:00Z,26,67,105.53
10675,2023-08-23T21:15:00Z,4,87,15.84
10676,2023-08-23T21:16:00Z,33,78,147.43
10677,2023-08-23T21:17:00Z,86,96,294.23
10678,2023-08-23T21:18:00Z,18,20,57.9
10679,2023-08-23T21:19:00Z,54,66,53.22
10680,2023-08-23T21:20:00Z,12,22,37.34
10681,2023-08-23T21:21:00Z,7,93,27.77
10682,2023-08-23T21:22:00Z,13,80,40.76
10683,2023-08-23T21:23:00Z,48,49,174.99
10684,2023-08-23T21:24:00Z,60,89,210.07
10685,2023-08-23T21:25:00Z,23,55,66.65
10686,2023-08-23T21:26:00Z,60,71,285.97
10687,2023-08-23T21:27:00Z,2,41,1.21
10688,2023-08-23T21:28:00Z,13,84,58.11
10689,2023-08-23T21:29:00Z,5,9,18.74
10690,2023-08-23T21:30:00Z,29,55,139.27
10691,2023-08-23T21:31:00Z,40,41,143.82
10692,2023-08-23T21:32:00Z,7,83,10.72
10693,2023-08-23T21:33:00Z,29,61,134.4
10694,2023-08-23T21:34:00Z,11,29,41.02
10695,2023-08-23T21:35:00Z,16,39,9.99
10696,2023-08-23T21:36:00Z,17,43,31.61
10697,2023-08-23T21:37:00Z,7,8,23.96
10698,2023-08-23T21:38:00Z,26,97,23.29
10699,2023-08-23T21:39:00Z,11,63,40.58
10700,2023-08-23T21:40:00Z,47,49,150.96
10701,2023-08-23T21:41:00Z,24,30,27.58
10702,2023-08-23T21:42:00Z,44,51,193.72
10703,2023-08-23T21:43:00Z,23,45,52.48
10704,2023-08-23T21:44:00Z,40,59,68.71
10705,2023-08-23T21:45:00Z,8,72,16.75
10706,2023-08-23T21:46:00Z,30,42,145.29
10707,2023-08-23T21:47:00Z,5,9,12.33
10708,2023-08-23T21:48:00Z,46,66,157.14
10709,2023-08-23T21:49:00Z,15,15,20.66
10710,2023-08-23T21:50:00Z,68,68,52.57
10711,2023-08-23T21:51:00Z,0,22,0.0
10712,2023-08-23T21:52:00Z,47,61,52.71
10713,2023-08-23T21:53:00Z,10,10,27.62
10714,2023-08-23T21:54:00Z,10,38,31.67
10715,2023-08-23T21:55:00Z,13,50,26.04
10716,2023-08-23T21:56:00Z,25,39,43.32
10717,2023-08-23T21:57:00Z,4,62,16.53
10718,2023-08-23T21:58:00Z,55,67,58.7
10719,2023-08-23T21:59:00Z,26,59,72.23
10720,2023-08-23T22:00:00Z,56,57,30.89
10721,2023-08-23T22:01:00Z,70,74,117.05
10722,2023-08-23T22:02:00Z,18,38,42.01
10723,2023-08-23T22:03:00Z,81,83,222.94
10724,2023-08-23T22:04:00Z,44,80,164.98
10725,2023-08-23T22:05:00Z,37,90,110.99
10726,2023-08-23T22:06:00Z,99,100,329.61
10727,2023-08-23T22:07:00Z,12,49,59.54
10728,2023-08-23T22:08:00Z,7,14,9.33
10729,2023-08-23T22:09:00Z,11,45,17.74
10730,2023-08-23T22:10:00Z,14,21,27.84
10731,2023-08-23T22:11:00Z,1,17,3.03
10732,2023-08-23T22:12:00Z,0,25,0.0
10733,2023-08-23T22:13:00Z,2,8,8.12
10734,2023-08-23T22:14:00Z,2,32,8.97
10735,2023-08-23T22:15:00Z,12,75,21.84
10736,2023-08-23T22:16:00Z,7,12,25.91
10737,2023-08-23T22:17:00Z,0,18,0.0
10738,2023-08-23T22:18:00Z,9,9,27.24
10739,2023-08-23T22:19:00Z,8,71,8.86
10740,2023-08-23T22:20:00Z,20,36,51.66
10741,2023-08-23T22:21:00Z,33,48,72.34
10742,2023-08-23T22:22:00Z,12,12,10.34
10743,2023-08-23T22:23:00Z,19,49,31.56
10744,2023-08-23T22:24:00Z,1,26,1.2
10745,2023-08-23T22:25:00Z,32,44,114.29
10746,2023-08-23T22:26:00Z,0,6,0.0
10747,2023-08-23T22:27:00Z,45,91,25.49
10748,2023-08-23T22:28:00Z,12,74,38.21
10749,2023-08-23T22:29:00Z,26,34,53.99
10750,2023-08-23T22:30:00Z,26,66,120.82
10751,2023-08-23T22:31:00Z,47,66,154.95
10752,2023-08-23T22:32:00Z,36,46,142.03
10753,2023-08-23T22:33:00Z,16,53,23.43
10754,2023-08-23T22:34:00Z,56,59,276.58
10755,2023-08-23T22:35:00Z,21,43,104.98
10756,2023-08-23T22:36:00Z,16,33,36.83
10757,2023-08-23T22:37:00Z,24,86,99.93
10758,2023-08-23T22:38:00Z,35,62,106.66
10759,2023-08-23T22:39:00Z,34,37,142.57
10760,2023-08-23T22:40:00Z,15,50,25.51
10761,2023-08-23T22:41:00Z,7,18,16.53
10762,2023-08-23T22:42:00Z,14,64,54.71
10763,2023-08-23T22:43:00Z,5,12,18.02
10764,2023-08-23T22:44:00Z,9,10,44.19
10765,2023-08-23T22:45:00Z,29,31,17.19
10766,2023-08-23T22:46:00Z,10,34,40.9
10767,2023-08-23T22:47:00Z,45,56,39.48
10768,2023-08-23T22:48:00Z,16,39,57.14
10769,2023-08-23T22:49:00Z,16,92,30.68
10770,2023-08-23T22:50:00Z,8,37,20.56
10771,2023-08-23T22:51:00Z,10,15,16.34
10772,2023-08-23T22:52:00Z,16,60,75.96
10773,2023-08-23T22:53:00Z,10,28,6.46
10774,2023-08-23T22:54:00Z,48,87,147.15
10775,2023-08-23T22:55:00Z,11,18,41.51
10776,2023-08-23T22:56:00Z,9,13,20.24
10777,2023-08-23T22:57:00Z,53,84,158.89
10778,2023-08-23T22:58:00Z,3,23,11.45
10779,2023-08-23T22:59:00Z,2,12,8.51
10780,2023-08-23T23:00:00Z,1,24,2.71
10781,2023-08-23T23:01:00Z,60,84,110.53
10782,2023-08-23T23:02:00Z,19,29,46.76
10783,2023-08-23T23:03:00Z,22,64,100.08
10784,2023-08-23T23:04:00Z,56,87,49.23
10785,2023-08-23T23:05:00Z,17,18,80.87
10786,2023-08-23T23:06:00Z,18,27,56.27
10787,2023-08-23T23:07:00Z,19,67,68.14
10788,2023-08-23T23:08:00Z,39,56,130.92
10789,2023-08-23T23:09:00Z,5,53,13.78
10790,2023-08-23T23:10:00Z,1,27,1.43
10791,2023-08-23T23:11:00Z,16,85,61.6
10792,2023-08-23T23:12:00Z,14,54,11.2
10793,2023-08-23T23:13:00Z,5,8,19.15
10794,2023-08-23T23:14:00Z,28,81,90.51
10795,2023-08-23T23:15:00Z,15,19,36.69
10796,2023-08-23T23:16:00Z,79,91,307.88
10797,2023-08-23T23:17:00Z,13,15,57.74
10798,2023-08-23T23:18:00Z,68,94,263.61
10799,2023-08-23T23:19:00Z,3,25,4.81
10800,2023-08-23T23:20:00Z,20,57,77.89
10801,2023-08-23T23:21:00Z,9,13,28.27
10802,2023-08-23T23:22:00Z,12,31,49.6
10803,2023-08-23T23:23:00Z,38,50,67.37
10804,2023-08-23T23:24:00Z,55,88,102.82
10805,2023-08-23T23:25:00Z,49,51,222.92
10806,2023-08-23T23:26:00Z,1,8,3.74
10807,2023-08-23T23:27:00Z,15,68,65.87
10808,2023-08-23T23:28:00Z,34,62,106.12
10809,2023-08-23T23:29:00Z,32,52,27.65
10810,2023-08-23T23:30:00Z,51,85,176.61
10811,2023-08-23T23:31:00Z,50,52,31.22
10812,2023-08-23T23:32:00Z,43,75,111.04
10813,2023-08-23T23:33:00Z,37,96,44.13
10814,2023-08-23T23:34:00Z,35,43,121.89
10815,2023-08-23T23:35:00Z,7,58,13.62
10816,2023-08-23T23:36:00Z,15,32,32.63
10817,2023-08-23T23:37:00Z,14,78,9.94
10818,2023-08-23T23:38:00Z,16,44,16.65
10819,2023-08-23T23:39:00Z,0,28,0.0
10820,2023-08-23T23:40:00Z,4,7,19.73
10821,2023-08-23T23:41:00Z,76,80,224.43
10822,2023-08-23T23:42:00Z,21,71,31.9
10823,2023-08-23T23:43:00Z,29,74,134.93
10824,2023-08-23T23:44:00Z,2,82,6.33
10825,2023-08-23T23:45:00Z,14,41,67.9
10826,2023-08-23T23:46:00Z,18,83,66.78
10827,2023-08-23T23:47:00Z,2,95,1.12
10828,2023-08-23T23:48:00Z,62,79,308.94
10829,2023-08-23T23:49:00Z,7,14,23.09
10830,2023-08-23T23:50:00Z,5,7,8.69
10831,2023-08-23T23:51:00Z,10,11,38.41
10832,2023-08-23T23:52:00Z,13,21,9.71
10833,2023-08-23T23:53:00Z,69,81,206.89
10834,2023-08-23T23:54:00Z,4,53,14.0
10835,2023-08-23T23:55:00Z,24,48,48.96
10836,2023-08-23T23:56:00Z,20,29,59.77
10837,2023-08-23T23:57:00Z,33,66,87.59
10838,2023-08-23T23:58:00Z,14,24,68.16
10839,2023-08-23T23:59:00Z,13,43,62.58
10840,2023-08-24T00:00:00Z,9,86,12.31
10841,2023-08-24T00:01:00Z,1,89,2.61
10842,2023-08-24T00:02:00Z,11,14,24.75
10843,2023-08-24T00:03:00Z,15,42,40.12
10844,2023-08-24T00:04:00Z,58,90,197.97
10845,2023-08-24T00:05:00Z,6,20,13.26
10846,2023-08-24T00:06:00Z,22,43,78.94
10847,2023-08-24T00:07:00Z,60,74,124.25
10848,2023-08-24T00:08:00Z,64,67,157.01
10849,2023-08-24T00:09:00Z,3,16,14.29
10850,2023-08-24T00:10:00Z,9,23,20.38
10851,2023-08-24T00:11:00Z,81,91,159.11
10852,2023-08-24T00:12:00Z,29,31,28.54
10853,2023-08-24T00:13:00Z,34,98,169.48
10854,2023-08-24T00:14:00Z,6,36,10.94
10855,2023-08-24T00:15:00Z,1,6,0.79
10856,2023-08-24T00:16:00Z,0,100,0.0
10857,2023-08-24T00:17:00Z,56,81,153.35
10858,2023-08-24T00:18:00Z,7,10,11.02
10859,2023-08-24T00:19:00Z,23,68,71.82
10860,2023-08-24T00:20:00Z,36,59,45.31
10861,2023-08-24T00:21:00Z,1,12,4.65
10862,2023-08-24T00:22:00Z,87,100,198.61
10863,2023-08-24T00:23:00Z,9,81,35.05
10864,2023-08-24T00:24:00Z,27,45,34.05
10865,2023-08-24T00:25:00Z,30,36,129.12
10866,2023-08-24T00:26:00Z,2,23,8.83
10867,2023-08-24T00:27:00Z,0,25,0.0
10868,2023-08-24T00:28:00Z,6,41,12.39
10869,2023-08-24T00:29:00Z,27,75,32.45
10870,2023-08-24T00:30:00Z,12,25,30.87
10871,2023-08-24T00:31:00Z,68,83,238.89
10872,2023-08-24T00:32:00Z,58,95,59.99
10873,2023-08-24T00:33:00Z,6,20,17.34
10874,2023-08-24T00:34:00Z,6,32,14.99
10875,2023-08-24T00:35:00Z,84,90,383.88
10876,2023-08-24T00:36:00Z,35,59,65.26
10877,2023-08-24T00:37:00Z,28,99,92.36
10878,2023-08-24T00:38:00Z,42,46,25.2
10879,2023-08-24T00:39:00Z,2,5,1.9
10880,2023-08-24T00:40:00Z,2,37,8.47
10881,2023-08-24T00:41:00Z,46,52,120.84
10882,2023-08-24T00:42:00Z,1,33,0.63
10883,2023-08-24T00:43:00Z,13,21,16.56
10884,2023-08-24T00:44:00Z,4,5,6.52
10885,2023-08-24T00:45:00Z,60,76,121.85
10886,2023-08-24T00:46:00Z,40,77,56.37
10887,2023-08-24T00:47:00Z,7,47,30.5
10888,2023-08-24T00:48:00Z,4,10,11.62
10889,2023-08-24T00:49:00Z,0,74,0.0
10890,2023-08-24T00:50:00Z,17,50,53.66
10891,2023-08-24T00:51:00Z,14,22,36.9
10892,2023-08-24T00:52:00Z,17,64,42.67
10893,2023-08-24T00:53:00Z,59,73,104.62
10894,2023-08-24T00:54:00Z,14,28,52.04
10895,2023-08-24T00:55:00Z,41,42,38.96
10896,2023-08-24T00:56:00Z,32,97,132.33
10897,2023-08-24T00:57:00Z,4,51,19.88
10898,2023-08-24T00:58:00Z,80,96,369.7
10899,2023-08-24T00:59:00Z,24,50,58.1
10900,2023-08-24T01:00:00Z,4,27,5.94
10901,2023-08-24T01:01:00Z,3,14,13.71
10902,2023-08-24T01:02:00Z,63,64,114.85
10903,2023-08-24T01:03:00Z,4,12,3.77
10904,2023-08-24T01:04:00Z,33,62,157.55
10905,2023-08-24T01:05:00Z,21,28,18.6
10906,2023-08-24T01:06:00Z,2,10,2.51
10907,2023-08-24T01:07:00Z,1,37,3.41
10908,2023-08-24T01:08:00Z,10,10,19.73
10909,2023-08-24T01:09:00Z,49,94,190.57
10910,2023-08-24T01:10:00Z,28,42,21.78
10911,2023-08-24T01:11:00Z,29,52,50.04
10912,2023-08-24T01:12:00Z,1,95,1.29
10913,2023-08-24T01:13:00Z,62,68,66.0
10914,2023-08-24T01:14:00Z,76,76,241.32
10915,2023-08-24T01:15:00Z,5,6,3.64
10916,2023-08-24T01:16:00Z,8,12,34.79
10917,2023-08-24T01:17:00Z,10,11,13.83
10918,2023-08-24T01:18:00Z,34,91,69.49
10919,2023-08-24T01:19:00Z,56,68,153.29
10920,2023-08-24T01:20:00Z,4,89,5.1
10921,2023-08-24T01:21:00Z,41,48,198.93
10922,2023-08-24T01:22:00Z,55,55,34.2
10923,2023-08-24T01:23:00Z,22,37,19.34
10924,2023-08-24T01:24:00Z,4,16,6.78
10925,2023-08-24T01:25:00Z,3,76,9.36
10926,2023-08-24T01:26:00Z,12,28,31.95
10927,2023-08-24T01:27:00Z,40,53,77.91
10928,2023-08-24T01:28:00Z,1,65,4.27
10929,2023-08-24T01:29:00Z,55,72,151.46
10930,2023-08-24T01:30:00Z,32,69,81.89
10931,2023-08-24T01:31:00Z,60,79,289.54
10932,2023-08-24T01:32:00Z,27,79,19.61
10933,2023-08-24T01:33:00Z,15,25,51.9
10934,2023-08-24T01:34:00Z,2,20,4.9
10935,2023-08-24T01:35:00Z,40,58,192.0
10936,2023-08-24T01:36:00Z,14,72,25.43
10937,2023-08-24T01:37:00Z,9,11,12.65
10938,2023-08-24T01:38:00Z,1,26,2.7
10939,2023-08-24T01:39:00Z,8,68,6.67
10940,2023-08-24T01:40:00Z,0,12,0.0
10941,2023-08-24T01:41:00Z,8,96,7.52
10942,2023-08-24T01:42:00Z,19,29,80.53
10943,2023-08-24T01:43:00Z,25,65,43.67
10944,2023-08-24T01:44:00Z,6,32,6.52
10945,2023-08-24T01:45:00Z,58,75,65.53
10946,2023-08-24T01:46:00Z,7,18,13.82
10947,2023-08-24T01:47:00Z,56,91,170.1
10948,2023-08-24T01:48:00Z,42,56,179.15
10949,2023-08-24T01:49:00Z,14,15,62.79
10950,2023-08-24T01:50:00Z,13,36,10.06
10951,2023-08-24T01:51:00Z,90,93,371.59
10952,2023-08-24T01:52:00Z,4,47,10.83
10953,2023-08-24T01:53:00Z,30,94,91.43
10954,2023-08-24T01:54:00Z,10,46,12.49
10955,2023-08-24T01:55:00Z,8,69,23.92
10956,2023-08-24T01:56:00Z,3,47,3.07
10957,2023-08-24T01:57:00Z,28,28,34.63
10958,2023-08-24T01:58:00Z,84,89,399.37
10959,2023-08-24T01:59:00Z,0,72,0.0
10960,2023-08-24T02:00:00Z,10,22,29.81
10961,2023-08-24T02:01:00Z,10,32,30.95
10962,2023-08-24T02:02:00Z,23,64,96.15
10963,2023-08-24T02:03:00Z,35,49,47.16
10964,2023-08-24T02:04:00Z,3,66,11.24
10965,2023-08-24T02:05:00Z,9,55,10.55
10966,2023-08-24T02:06:00Z,86,95,255.74
10967,2023-08-24T02:07:00Z,27,28,56.0
10968,2023-08-24T02:08:00Z,0,17,0.0
10969,2023-08-24T02:09:00Z,11,12,8.22
10970,2023-08-24T02:10:00Z,10,21,34.7
10971,2023-08-24T02:11:00Z,55,100,134.87
10972,2023-08-24T02:12:00Z,18,52,31.37
10973,2023-08-24T02:13:00Z,46,96,74.02
10974,2023-08-24T02:14:00Z,17,46,42.66
10975,2023-08-24T02:15:00Z,32,80,85.38
10976,2023-08-24T02:16:00Z,5,7,5.86
10977,2023-08-24T02:17:00Z,7,80,11.24
10978,2023-08-24T02:18:00Z,28,58,112.88
10979,2023-08-24T02:19:00Z,21,32,103.34
10980,2023-08-24T02:20:00Z,7,73,32.94
10981,2023-08-24T02:21:00Z,21,62,23.63
10982,2023-08-24T02:22:00Z,67,90,180.18
10983,2023-08-24T02:23:00Z,36,53,89.38
10984,2023-08-24T02:24:00Z,40,78,167.82
10985,2023-08-24T02:25:00Z,35,82,32.2
10986,2023-08-24T02:26:00Z,74,81,70.1
10987,2023-08-24T02:27:00Z,18,47,35.51
10988,2023-08-24T02:28:00Z,3,35,13.39
10989,2023-08-24T02:29:00Z,65,75,321.26
10990,2023-08-24T02:30:00Z,19,93,48.32
10991,2023-08-24T02:31:00Z,0,42,0.0
10992,2023-08-24T02:32:00Z,5,42,3.77
10993,2023-08-24T02:33:00Z,12,16,53.12
10994,2023-08-24T02:34:00Z,48,89,57.17
10995,2023-08-24T02:35:00Z,45,72,44.66
10996,2023-08-24T02:36:00Z,23,93,81.74
10997,2023-08-24T02:37:00Z,27,64,115.77
10998,2023-08-24T02:38:00Z,21,35,104.53
10999,2023-08-24T02:39:00Z,85,94,307.0
